{
  "cats": [
    "ioi",
    "induction",
    "syntax",
    "factual"
  ],
  "effect_matrix": [
    [
      0.03193371952420421,
      0.00042102656516362913,
      0.007719236736496289,
      0.013884090537430893
    ],
    [
      -0.00026276372682332294,
      -0.0033269091218244284,
      0.009202702591816584,
      0.003856038863887079
    ],
    [
      0.03247157173367062,
      -0.005425307572295424,
      0.025930326018068526,
      0.018032064538905008
    ],
    [
      0.015952393627230776,
      -0.0007989297428139253,
      0.0073263005663951235,
      0.016021637994526827
    ]
  ],
  "recon_kl_per_cat": {
    "ioi": 0.15500355734548066,
    "induction": 0.10036498478439171,
    "syntax": 0.5704389363527298,
    "factual": 0.32000012299249647
  },
  "specificity": {
    "ioi": 4.34978234654172,
    "induction": -0.7799892463847597,
    "syntax": 1.7256844945244951,
    "factual": 2.1381410679070156
  },
  "n_probes_per_cat": 8,
  "top_k": 32
}