{
  "k_values": [
    4,
    8,
    16,
    32
  ],
  "honest": {
    "4": {
      "n_configs": 48,
      "min": 0.6352492224743179,
      "median": 1.2180366850346735,
      "mean": 1.232127050207879,
      "max": 1.8499025489521,
      "p99": 1.8499025489521
    },
    "8": {
      "n_configs": 48,
      "min": 0.6263306885278529,
      "median": 1.2082551377240103,
      "mean": 1.2274140454726676,
      "max": 1.8622782241672768,
      "p99": 1.8622782241672768
    },
    "16": {
      "n_configs": 48,
      "min": 0.5986590487995508,
      "median": 1.1664717713692256,
      "mean": 1.2035229603871158,
      "max": 1.8780382474492028,
      "p99": 1.8780382474492028
    },
    "32": {
      "n_configs": 48,
      "min": 0.4893467178117603,
      "median": 0.9589937512248682,
      "mean": 0.9815787185271109,
      "max": 1.5088255227019909,
      "p99": 1.5088255227019909
    }
  },
  "attacker": {
    "4": {
      "joint_z": 9.226262332645113,
      "per_probe_max": 68.08555793648429,
      "per_probe_median": 6.75291239485048
    },
    "8": {
      "joint_z": 9.134228974274373,
      "per_probe_max": 46.64928251239197,
      "per_probe_median": 7.309136196425868
    },
    "16": {
      "joint_z": 8.790716618666234,
      "per_probe_max": 25.127643495576983,
      "per_probe_median": 6.973759532547834
    },
    "32": {
      "joint_z": 7.002194034329001,
      "per_probe_max": 18.567578923119637,
      "per_probe_median": 6.106036884917588
    }
  },
  "margin": {
    "4": {
      "tau_real": 1.8499025489521,
      "attacker_jz": 9.226262332645113,
      "ratio": 4.987431547608518
    },
    "8": {
      "tau_real": 1.8622782241672768,
      "attacker_jz": 9.134228974274373,
      "ratio": 4.904868056629278
    },
    "16": {
      "tau_real": 1.8780382474492028,
      "attacker_jz": 8.790716618666234,
      "ratio": 4.680797438820003
    },
    "32": {
      "tau_real": 1.5088255227019909,
      "attacker_jz": 7.002194034329001,
      "ratio": 4.640824223194168
    }
  }
}