{
  "config": {
    "flip_fractions": [
      0.0,
      0.05,
      0.1,
      0.2,
      0.4
    ],
    "n_seeds": 20,
    "n_honest": 2000,
    "k": 32
  },
  "per_attacker": {
    "Qwen2.5-1.5B@\u03b1=0.001": {
      "auc": [
        0.61334,
        0.60872525,
        0.598478875,
        0.5859287500000001,
        0.5438613750000001
      ],
      "tpr@fpr1": [
        0.045,
        0.045000000000000005,
        0.043000000000000003,
        0.03550000000000001,
        0.027000000000000003
      ]
    },
    "Qwen2.5-1.5B@\u03b1=0.005": {
      "auc": [
        1.0,
        1.0,
        1.0,
        0.9999992500000001,
        0.999948875
      ],
      "tpr@fpr1": [
        1.0,
        1.0,
        1.0,
        1.0,
        0.9995
      ]
    },
    "Qwen2.5-1.5B@\u03b1=0.01": {
      "auc": [
        1.0,
        1.0,
        1.0,
        1.0,
        1.0
      ],
      "tpr@fpr1": [
        1.0,
        1.0,
        1.0,
        1.0,
        1.0
      ]
    },
    "Qwen2.5-1.5B@\u03b1=0.05": {
      "auc": [
        1.0,
        1.0,
        1.0,
        1.0,
        1.0
      ],
      "tpr@fpr1": [
        1.0,
        1.0,
        1.0,
        1.0,
        1.0
      ]
    },
    "Qwen2.5-1.5B@\u03b1=1.0": {
      "auc": [
        1.0,
        1.0,
        1.0,
        1.0,
        1.0
      ],
      "tpr@fpr1": [
        1.0,
        1.0,
        1.0,
        1.0,
        1.0
      ]
    },
    "Phi-3.5-mini-instruct@\u03b1=0.001": {
      "auc": [
        0.624065,
        0.6203652500000001,
        0.61051575,
        0.5931255,
        0.5505626250000001
      ],
      "tpr@fpr1": [
        0.045,
        0.04125000000000001,
        0.042,
        0.029750000000000006,
        0.023750000000000004
      ]
    },
    "Phi-3.5-mini-instruct@\u03b1=0.005": {
      "auc": [
        1.0,
        1.0,
        1.0,
        1.0,
        0.9999953750000001
      ],
      "tpr@fpr1": [
        1.0,
        1.0,
        1.0,
        1.0,
        1.0
      ]
    },
    "Phi-3.5-mini-instruct@\u03b1=0.01": {
      "auc": [
        1.0,
        1.0,
        1.0,
        1.0,
        1.0
      ],
      "tpr@fpr1": [
        1.0,
        1.0,
        1.0,
        1.0,
        1.0
      ]
    },
    "Phi-3.5-mini-instruct@\u03b1=0.05": {
      "auc": [
        1.0,
        1.0,
        1.0,
        1.0,
        1.0
      ],
      "tpr@fpr1": [
        1.0,
        1.0,
        1.0,
        1.0,
        1.0
      ]
    },
    "Phi-3.5-mini-instruct@\u03b1=1.0": {
      "auc": [
        1.0,
        1.0,
        1.0,
        1.0,
        1.0
      ],
      "tpr@fpr1": [
        1.0,
        1.0,
        1.0,
        1.0,
        1.0
      ]
    },
    "OLMo-2-1124-7B@\u03b1=0.001": {
      "auc": [
        0.941985,
        0.9366843749999999,
        0.9347637499999999,
        0.9191877500000001,
        0.8775685000000001
      ],
      "tpr@fpr1": [
        0.54,
        0.5065000000000001,
        0.48500000000000004,
        0.413,
        0.29324999999999996
      ]
    },
    "OLMo-2-1124-7B@\u03b1=0.005": {
      "auc": [
        1.0,
        1.0,
        1.0,
        1.0,
        1.0
      ],
      "tpr@fpr1": [
        1.0,
        1.0,
        1.0,
        1.0,
        1.0
      ]
    },
    "OLMo-2-1124-7B@\u03b1=0.01": {
      "auc": [
        1.0,
        1.0,
        1.0,
        1.0,
        1.0
      ],
      "tpr@fpr1": [
        1.0,
        1.0,
        1.0,
        1.0,
        1.0
      ]
    },
    "OLMo-2-1124-7B@\u03b1=0.05": {
      "auc": [
        1.0,
        1.0,
        1.0,
        1.0,
        1.0
      ],
      "tpr@fpr1": [
        1.0,
        1.0,
        1.0,
        1.0,
        1.0
      ]
    },
    "OLMo-2-1124-7B@\u03b1=1.0": {
      "auc": [
        1.0,
        1.0,
        1.0,
        1.0,
        1.0
      ],
      "tpr@fpr1": [
        1.0,
        1.0,
        1.0,
        1.0,
        1.0
      ]
    },
    "Qwen3-0.6B@\u03b1=0.001": {
      "auc": [
        0.65723,
        0.652721875,
        0.63950375,
        0.622819875,
        0.570180625
      ],
      "tpr@fpr1": [
        0.04,
        0.03400000000000001,
        0.03525000000000001,
        0.026000000000000006,
        0.022000000000000002
      ]
    },
    "Qwen3-0.6B@\u03b1=0.005": {
      "auc": [
        1.0,
        1.0,
        1.0,
        1.0,
        0.9999926250000002
      ],
      "tpr@fpr1": [
        1.0,
        1.0,
        1.0,
        1.0,
        0.99975
      ]
    },
    "Qwen3-0.6B@\u03b1=0.01": {
      "auc": [
        1.0,
        1.0,
        1.0,
        1.0,
        1.0
      ],
      "tpr@fpr1": [
        1.0,
        1.0,
        1.0,
        1.0,
        1.0
      ]
    },
    "Qwen3-0.6B@\u03b1=0.05": {
      "auc": [
        1.0,
        1.0,
        1.0,
        1.0,
        1.0
      ],
      "tpr@fpr1": [
        1.0,
        1.0,
        1.0,
        1.0,
        1.0
      ]
    },
    "Qwen3-0.6B@\u03b1=1.0": {
      "auc": [
        1.0,
        1.0,
        1.0,
        1.0,
        1.0
      ],
      "tpr@fpr1": [
        1.0,
        1.0,
        1.0,
        1.0,
        1.0
      ]
    }
  },
  "summary": {
    "auc_mean_per_fraction": [
      0.941831,
      0.9409248375000001,
      0.93916310625,
      0.9360530562499999,
      0.9271055
    ],
    "auc_min_per_fraction": [
      0.61334,
      0.60872525,
      0.598478875,
      0.5859287500000001,
      0.5438613750000001
    ],
    "tpr_mean_per_fraction": [
      0.8334999999999999,
      0.8313375000000001,
      0.8302624999999999,
      0.8252124999999999,
      0.8182625000000001
    ],
    "degradation_auc": 0.014725499999999947,
    "degradation_tpr": 0.015237500000000015,
    "monotonic": true
  }
}