{
  "32": {
    "joint_z_seeds": {
      "0": 4.721410230341465,
      "1": 3.742842048845578,
      "2": 8.379597057505233
    },
    "mean": 5.614616445564092,
    "min": 3.742842048845578,
    "max": 8.379597057505233
  },
  "64": {
    "joint_z_seeds": {
      "0": 4.192544754159829,
      "1": 3.8733542486811445,
      "2": 8.029423490625794
    },
    "mean": 5.3651074978222555,
    "min": 3.8733542486811445,
    "max": 8.029423490625794
  },
  "128": {
    "joint_z_seeds": {
      "0": 4.53982243064512,
      "1": 8.71543517877401,
      "2": 5.017117111915389
    },
    "mean": 6.090791573778173,
    "min": 4.53982243064512,
    "max": 8.71543517877401
  },
  "256": {
    "joint_z_seeds": {
      "0": 38.599301299352476,
      "1": 10.041545751087158,
      "2": 5.419492169756722
    },
    "mean": 18.020113073398786,
    "min": 5.419492169756722,
    "max": 38.599301299352476
  }
}