{
  "cats": [
    "ioi",
    "induction",
    "syntax",
    "factual",
    "coref",
    "arithmetic",
    "lang",
    "negation"
  ],
  "effect_matrix": [
    [
      0.009752485694156753,
      0.0008347624874052902,
      0.00877733031908671,
      0.016417524673872523,
      0.015417409646842215,
      0.003922986694508129,
      0.03732448981867896,
      -0.007654761999017662
    ],
    [
      -0.0008232399979735621,
      -0.002615933888591826,
      0.008595138788223267,
      0.00937869544658396,
      -0.0008783431516753302,
      0.001728719423731996,
      0.007533404562208388,
      -0.0030048241217931113
    ],
    [
      0.0032768918964494434,
      -0.007744532240192509,
      0.025930326018068526,
      0.0230394144439035,
      0.018308924097153876,
      0.011277832582386004,
      0.003100176238351398,
      -0.016575574409216642
    ],
    [
      -0.0009802533523826343,
      -0.0017220808594073686,
      0.007480305929978688,
      0.027168329598175153,
      0.029042470993267164,
      0.005197246623639431,
      0.032327102290259466,
      -0.00023896976684530577
    ],
    [
      0.0001341485088535895,
      -0.0026626266771927476,
      0.0011760079198413426,
      0.008433104389243655,
      0.07975437181691329,
      0.0017888225977205569,
      -0.006303086462948058,
      -0.0034530791971418592
    ],
    [
      0.0003626309108868655,
      -0.0073679340033171075,
      -0.0009066040317217509,
      0.0350064504891634,
      0.01911370911531978,
      0.0029113796255033878,
      0.006463828600115246,
      -0.004246159146229426
    ],
    [
      0.000330600569011747,
      -0.005950865963111735,
      -0.0031740425361527335,
      0.03884759731590748,
      0.037641503330734044,
      0.00895901650397314,
      0.08905184807048903,
      -0.0046633620125552016
    ],
    [
      -0.0021115121392843625,
      -0.007294313788103561,
      -0.002969170610109965,
      0.03708669046560923,
      0.02059228180183305,
      0.014980053348052833,
      0.008051213290956285,
      0.0003754750101102723
    ]
  ],
  "recon_kl_per_cat": {
    "ioi": 0.05399685494679337,
    "induction": 0.12377004519415398,
    "syntax": 0.5704389363527298,
    "factual": 0.42135510842005414,
    "coref": 0.34492311129967373,
    "arithmetic": 0.07704367185942829,
    "lang": 1.531128170589606,
    "negation": 0.21762147018065056
  },
  "specificity": {
    "ioi": 0.9097498471823946,
    "induction": -0.8127783626001932,
    "syntax": 5.233444381726096,
    "factual": 2.6745811171915888,
    "coref": -629.6147432456228,
    "arithmetic": 0.4208418470651942,
    "lang": 8.658966572068453,
    "negation": 0.03846221525557238
  },
  "n_probes_per_cat": 6,
  "top_k": 32
}