{
  "metadata": {
    "experiment": "E16: white-box joint-z LoRA attack (E-E)",
    "backbone": "qwen3",
    "target": "Qwen/Qwen3-1.7B",
    "substitute": "Qwen/Qwen3-0.6B",
    "lora_rank": 64,
    "n_steps": 3000,
    "lambda_utils": [
      0.1
    ],
    "alpha_jzs": [
      1.0
    ],
    "tau_real": 1.13,
    "base_ppx_no_lora_no_phi": 21.19893192572805,
    "gpu": "A10G",
    "wall_s": 1174.5121619701385
  },
  "results": {
    "alpha_jz_1.0_lambda_util_0.1": {
      "joint_z": 55.683623980626294,
      "joint_z_public": 54.56491863783399,
      "joint_z_secret": 57.9210346662109,
      "per_probe_max_public": 137.82256405667306,
      "per_probe_max_secret": 145.78687978869334,
      "per_probe_max": 145.78687978869334,
      "per_probe_median": 50.78118345498781,
      "per_cat_mean_z": {
        "ioi": 43.35208181249654,
        "induction": 44.77075721167593,
        "coref": 59.53006433027076,
        "factual": 59.32150204846617,
        "arithmetic": 69.7856467866883,
        "lang": 67.00406134562041,
        "syntax": 45.28758435115802,
        "negation": 53.135429795025495,
        "entailment": 66.9596934950961,
        "refusal": 52.54466248596884,
        "control": 61.04486462873514
      },
      "pile_perplexity": 3014.7942546496474,
      "lambda_util": 0.1,
      "alpha_jointz": 1.0,
      "lora_rank": 64,
      "n_steps": 3000,
      "phi_heldout_r2": 0.1374620795249939,
      "pre_train_joint_z": 57.37843276878791,
      "train_loss_last100_mse": 0.72172632843256,
      "train_loss_last100_jz": 55.991027908325194,
      "train_loss_last100_util": 7.993483390808105
    }
  }
}