{
  "metadata": {
    "target": "Qwen/Qwen3-1.7B",
    "layer": 14,
    "n_heads": 16,
    "head_dim": 128,
    "top_k": 32,
    "n_probes": 96,
    "classes": [
      "arithmetic",
      "control",
      "coref",
      "entailment",
      "factual",
      "induction",
      "ioi",
      "lang",
      "negation",
      "refusal",
      "syntax"
    ],
    "wall_s": 96.13971424102783
  },
  "clean_per_class_mean_z": {
    "ioi": 1.9676436598186349,
    "induction": 1.882151769839448,
    "coref": 1.904398039660204,
    "factual": 1.713003094566203,
    "arithmetic": 1.5915184412702852,
    "lang": 1.3356041369740819,
    "syntax": 1.4200591387531105,
    "negation": 1.107084704473514,
    "entailment": 1.639657757255651,
    "refusal": 0.8492042711107752,
    "control": 1.3703271182294658
  },
  "head_class_delta_z": {
    "0": {
      "ioi": 5.761733338122674,
      "induction": 4.410384717998337,
      "coref": 5.567406953137382,
      "factual": 4.708157467314159,
      "arithmetic": 3.886783836649451,
      "lang": 2.9371421569354013,
      "syntax": 2.9455079120079994,
      "negation": 2.1486844345393714,
      "entailment": 7.247857838148161,
      "refusal": 3.8871074298295247,
      "control": 1.1700521428852237
    },
    "1": {
      "ioi": 4.763601034581951,
      "induction": 3.236162546555831,
      "coref": 2.6811571892520343,
      "factual": 3.308401571578743,
      "arithmetic": 2.833661718109568,
      "lang": 2.489332310911775,
      "syntax": 1315.1527974224266,
      "negation": 729.2800151255275,
      "entailment": 6.17723729732396,
      "refusal": 4643.683682136701,
      "control": 1.2058821469648588
    },
    "2": {
      "ioi": 3.0811764823055445,
      "induction": 1.9065076565634793,
      "coref": 1.2312080360342006,
      "factual": 2.736990301413227,
      "arithmetic": 4.4459698010355195,
      "lang": 8.406519154612374,
      "syntax": 1.085900567730698,
      "negation": 1.8381947677833186,
      "entailment": 4.692340809062924,
      "refusal": 1.2938083181348992,
      "control": 0.8806822217743131
    },
    "3": {
      "ioi": 3.4755952459795907,
      "induction": 0.6853994079391208,
      "coref": 7.08131646399939,
      "factual": 2.3859946043266698,
      "arithmetic": 1.517798640000792,
      "lang": 3.394123865305439,
      "syntax": 1.141928810644672,
      "negation": 3913.0523362822582,
      "entailment": 4.206230131822324,
      "refusal": 183.45683270007243,
      "control": 1.0853955071415928
    },
    "4": {
      "ioi": 5.212376504928291,
      "induction": 2.3085444789825167,
      "coref": 10.268600010434952,
      "factual": 5.132872350217562,
      "arithmetic": 3.3913491553374766,
      "lang": 4.927571263885292,
      "syntax": 1314.3141872686492,
      "negation": 4.106581426458183,
      "entailment": 8.102233257662187,
      "refusal": 5.505742363179139,
      "control": 3.128996693645146
    },
    "5": {
      "ioi": 2.4912801743712287,
      "induction": 1.4012745291570299,
      "coref": 14.132250839136407,
      "factual": 8.091407434552481,
      "arithmetic": 3.5271302189800906,
      "lang": 14.797433605168814,
      "syntax": 2.009909016454412,
      "negation": 2.5655870512982855,
      "entailment": 4.980144327593356,
      "refusal": 3.1963649706431947,
      "control": 1.3344542100212005
    },
    "6": {
      "ioi": 0.7878675950026863,
      "induction": 2.713061303438598,
      "coref": 0.5704093087330739,
      "factual": 0.5651838411649355,
      "arithmetic": 1.2253059619890785,
      "lang": 1.4566741897887232,
      "syntax": 0.4224194635083647,
      "negation": 0.7041574610648623,
      "entailment": 4.24648564044889,
      "refusal": 0.7271710797561941,
      "control": 0.513449117254369
    },
    "7": {
      "ioi": 0.5500838489609371,
      "induction": 6.536778405857873,
      "coref": 2.3020967757491313,
      "factual": 1.2614492206291366,
      "arithmetic": 0.9291411768857781,
      "lang": 0.9471911579649838,
      "syntax": 0.3996164368686596,
      "negation": 0.5846970049434055,
      "entailment": 2.8092331531695067,
      "refusal": 366.50600299252665,
      "control": 0.2702858269701304
    },
    "8": {
      "ioi": 5.7392789505400055,
      "induction": 6.488017150327283,
      "coref": 6.554782587691902,
      "factual": 11.049567142700104,
      "arithmetic": 10.177066413007612,
      "lang": 8.589322404987252,
      "syntax": 199.8592402605542,
      "negation": 2118.2564163698858,
      "entailment": 6.310344676270286,
      "refusal": 4177.843688007793,
      "control": 5.325105041989518
    },
    "9": {
      "ioi": 8.208181558467675,
      "induction": 7.187003948634228,
      "coref": 6.008366718807534,
      "factual": 5.539154012114179,
      "arithmetic": 11.862575163864534,
      "lang": 12.557491419846585,
      "syntax": 4.618208453396933,
      "negation": 6.728883898370828,
      "entailment": 7.421980800381011,
      "refusal": 8.852269850862003,
      "control": 3.887599336291284
    },
    "10": {
      "ioi": 1.960285671581923,
      "induction": 1.2243564111728624,
      "coref": 1.4988730318859038,
      "factual": 0.918242484729059,
      "arithmetic": 2.1424331715199565,
      "lang": 1.2491663311983008,
      "syntax": 1.3029571810139648,
      "negation": 3.016107606225365,
      "entailment": 1.7719473090336997,
      "refusal": 7.004384097805605,
      "control": 0.9216495694542657
    },
    "11": {
      "ioi": 1.6642295856336997,
      "induction": 1.087436897539264,
      "coref": 1.2042609176674444,
      "factual": 5.800552702963079,
      "arithmetic": 3.759205178260316,
      "lang": 5.069843485339195,
      "syntax": 1.3751310213464611,
      "negation": 263.87437030304164,
      "entailment": 4.480583757961001,
      "refusal": 2.4036486393031797,
      "control": 0.7618505631423049
    },
    "12": {
      "ioi": 12.151007309021702,
      "induction": 9.226065228786762,
      "coref": 16.42966651542968,
      "factual": 12.818176696074685,
      "arithmetic": 9.226494594233934,
      "lang": 12.723580760458168,
      "syntax": 1894.2334069761903,
      "negation": 4118.169785835194,
      "entailment": 13.996045565140976,
      "refusal": 14078.821129723265,
      "control": 18.43581726657451
    },
    "13": {
      "ioi": 6.6303586264719385,
      "induction": 6.45470359203255,
      "coref": 5.25385296958889,
      "factual": 6.420693053848298,
      "arithmetic": 7.376058598700651,
      "lang": 9.33292048743946,
      "syntax": 645.7903924281342,
      "negation": 6.626539851556806,
      "entailment": 9.922170065959238,
      "refusal": 7.653534871254996,
      "control": 4.338802584194701
    },
    "14": {
      "ioi": 0.28506404485461184,
      "induction": 1.2065502012352283,
      "coref": 0.2630719401814508,
      "factual": 0.589984872605163,
      "arithmetic": 0.9472666034587321,
      "lang": 0.9747451453815846,
      "syntax": 0.3692457898267185,
      "negation": 0.32803632286931317,
      "entailment": 0.7230870028511265,
      "refusal": 0.4299429457277452,
      "control": 0.30089653764004776
    },
    "15": {
      "ioi": 1.4118242958079463,
      "induction": 6.534888867001768,
      "coref": 3.4111822789386514,
      "factual": 1.0416858531080841,
      "arithmetic": 1.4978257405803308,
      "lang": 1.3566747658367768,
      "syntax": 1.315138284138534,
      "negation": 0.9439083867960057,
      "entailment": 7.597192712256198,
      "refusal": 0.6961470733542245,
      "control": 0.40327881766999824
    }
  }
}