{
  "phi_heldout_r2": 0.14743006229400635,
  "stageA_per_cat_med_maha": {
    "ioi": 38.381993358613606,
    "induction": 34.140627403211184,
    "coref": 53.63398732636534,
    "factual": 60.97831840530324,
    "arithmetic": 72.69171257315652,
    "lang": 80.64323091657728,
    "syntax": 33.956463778091106,
    "negation": 58.46138510841162,
    "entailment": 68.88195300366436,
    "refusal": 43.22964015166744,
    "control": 34.12292738195761
  },
  "stageB_per_cat_med_maha": {
    "ioi": 38.381993358613606,
    "induction": 34.140627403211184,
    "coref": 53.63398732636534,
    "factual": 60.97831840530324,
    "arithmetic": 72.69171257315652,
    "lang": 80.64323091657728,
    "syntax": 33.956463778091106,
    "negation": 58.46138510841162,
    "entailment": 68.88195300366436,
    "refusal": 43.22964015166744,
    "control": 34.12292738195761
  },
  "train_probes": 48,
  "held_probes": 48,
  "wall_s": 442.69724202156067
}