{
  "phi_max": 0.1884765625,
  "phi_norm": 0.5921420454978943,
  "B_norm_init": 0.0,
  "B_norm_stageA": 5.239130973815918,
  "B_norm_stageB": 5.2809929847717285,
  "scores_init": {
    "8": 33.70931206969165,
    "9": 31.512331574355734,
    "10": 115.35597148779593,
    "11": 31.14387687300338,
    "12": 61.53164486565462,
    "13": 95.62340952369291,
    "14": 81.92248290500318,
    "15": 85.5534774436398
  },
  "scores_A": {
    "8": 33.70931206969165,
    "9": 31.512331574355734,
    "10": 115.35597148779593,
    "11": 31.14387687300338,
    "12": 61.53164486565462,
    "13": 95.62340952369291,
    "14": 81.92248290500318,
    "15": 85.5534774436398
  },
  "scores_A2": {
    "8": 33.70931206969165,
    "9": 31.512331574355734,
    "10": 115.35597148779593,
    "11": 31.14387687300338,
    "12": 61.53164486565462,
    "13": 95.62340952369291,
    "14": 81.92248290500318,
    "15": 85.5534774436398
  },
  "scores_B": {
    "8": 33.70931206969165,
    "9": 31.512331574355734,
    "10": 115.35597148779593,
    "11": 31.14387687300338,
    "12": 61.53164486565462,
    "13": 95.62340952369291,
    "14": 81.92248290500318,
    "15": 85.5534774436398
  },
  "all_same_AB": true,
  "diff_scores": {
    "8": 0.0,
    "9": 0.0,
    "10": 0.0,
    "11": 0.0,
    "12": 0.0,
    "13": 0.0,
    "14": 0.0,
    "15": 0.0
  },
  "wall_s": 98.50411486625671
}