{
  "init_eval": {
    "4": [
      34.48763656616211,
      13.625
    ],
    "5": [
      32.3016357421875,
      11.5625
    ],
    "6": [
      36.0485725402832,
      13.875
    ],
    "7": [
      33.462371826171875,
      14.9375
    ]
  },
  "init_train": {
    "4": [
      34.48763656616211,
      13.625
    ],
    "5": [
      32.3016357421875,
      11.5625
    ],
    "6": [
      36.0485725402832,
      13.875
    ],
    "7": [
      33.462371826171875,
      14.9375
    ]
  },
  "trained_eval": {
    "4": [
      43.460514068603516,
      5.0625
    ],
    "5": [
      43.6143684387207,
      4.78125
    ],
    "6": [
      43.654544830322266,
      5.09375
    ],
    "7": [
      43.39366912841797,
      4.46875
    ]
  },
  "trained_train": {
    "4": [
      43.460514068603516,
      5.0625
    ],
    "5": [
      43.6143684387207,
      4.78125
    ],
    "6": [
      43.654544830322266,
      5.09375
    ],
    "7": [
      43.39366912841797,
      4.46875
    ]
  },
  "eval_changed": true,
  "train_changed": true,
  "modes_match": true,
  "B_norm_after": 8.782404899597168
}