{
  "per_attacker": {
    "Qwen/Qwen2.5-1.5B": {
      "0.0": {
        "auc": [
          0.49550392499999996,
          0.4953354,
          0.501065775,
          0.4971954,
          0.500813875,
          0.49720385,
          0.4990761999999999,
          0.50177975
        ],
        "tpr@fpr1": [
          0.011449999999999998,
          0.012750000000000001,
          0.0115,
          0.011649999999999999,
          0.010849999999999999,
          0.01045,
          0.010899999999999998,
          0.009999999999999998
        ]
      },
      "0.0005": {
        "auc": [
          0.5087406999999999,
          0.5092883500000001,
          0.509607975,
          0.508588975,
          0.5254111,
          0.52346565,
          0.5342899750000001,
          0.5428837499999999
        ],
        "tpr@fpr1": [
          0.0106,
          0.011899999999999999,
          0.010949999999999998,
          0.0111,
          0.014000000000000002,
          0.01285,
          0.014150000000000001,
          0.020499999999999997
        ]
      },
      "0.001": {
        "auc": [
          0.5399910250000001,
          0.5301390500000001,
          0.526673675,
          0.537714925,
          0.57154515,
          0.588167925,
          0.616556025,
          0.6435510000000001
        ],
        "tpr@fpr1": [
          0.017100000000000004,
          0.016200000000000003,
          0.0149,
          0.016150000000000005,
          0.021200000000000004,
          0.023100000000000002,
          0.031150000000000004,
          0.044
        ]
      },
      "0.002": {
        "auc": [
          0.620043875,
          0.60449825,
          0.5930705500000001,
          0.6276022250000001,
          0.7403300999999999,
          0.79619635,
          0.8647860749999999,
          0.9138569999999999
        ],
        "tpr@fpr1": [
          0.04820000000000001,
          0.033650000000000006,
          0.02395,
          0.0374,
          0.09559999999999999,
          0.13410000000000002,
          0.24235,
          0.38100000000000006
        ]
      },
      "0.005": {
        "auc": [
          0.7957387250000001,
          0.844528725,
          0.8550337749999999,
          0.916996775,
          0.9945145499999999,
          0.99983,
          0.9999997500000001,
          1.0
        ],
        "tpr@fpr1": [
          0.31815,
          0.2992,
          0.25645,
          0.458,
          0.91805,
          0.99725,
          1.0,
          1.0
        ]
      },
      "0.01": {
        "auc": [
          0.9448226,
          0.990781875,
          0.9957682750000002,
          0.999730825,
          1.0,
          1.0,
          1.0,
          1.0
        ],
        "tpr@fpr1": [
          0.6634499999999999,
          0.89735,
          0.9373000000000001,
          0.9958,
          1.0,
          1.0,
          1.0,
          1.0
        ]
      },
      "0.02": {
        "auc": [
          0.998166975,
          1.0,
          1.0,
          1.0,
          1.0,
          1.0,
          1.0,
          1.0
        ],
        "tpr@fpr1": [
          0.96735,
          1.0,
          1.0,
          1.0,
          1.0,
          1.0,
          1.0,
          1.0
        ]
      },
      "0.05": {
        "auc": [
          1.0,
          1.0,
          1.0,
          1.0,
          1.0,
          1.0,
          1.0,
          1.0
        ],
        "tpr@fpr1": [
          1.0,
          1.0,
          1.0,
          1.0,
          1.0,
          1.0,
          1.0,
          1.0
        ]
      },
      "0.2": {
        "auc": [
          1.0,
          1.0,
          1.0,
          1.0,
          1.0,
          1.0,
          1.0,
          1.0
        ],
        "tpr@fpr1": [
          1.0,
          1.0,
          1.0,
          1.0,
          1.0,
          1.0,
          1.0,
          1.0
        ]
      },
      "1.0": {
        "auc": [
          1.0,
          1.0,
          1.0,
          1.0,
          1.0,
          1.0,
          1.0,
          1.0
        ],
        "tpr@fpr1": [
          1.0,
          1.0,
          1.0,
          1.0,
          1.0,
          1.0,
          1.0,
          1.0
        ]
      }
    },
    "microsoft/Phi-3.5-mini-instruct": {
      "0.0": {
        "auc": [
          0.4971432750000001,
          0.49946095,
          0.502499375,
          0.5016545499999999,
          0.5049127500000001,
          0.50385525,
          0.50858545,
          0.5107465
        ],
        "tpr@fpr1": [
          0.010899999999999998,
          0.0131,
          0.010599999999999998,
          0.011850000000000001,
          0.01155,
          0.010849999999999999,
          0.011649999999999999,
          0.015500000000000003
        ]
      },
      "0.0005": {
        "auc": [
          0.50967965,
          0.5071637750000001,
          0.507188425,
          0.511788575,
          0.5242355750000001,
          0.527446125,
          0.5345685499999999,
          0.54586825
        ],
        "tpr@fpr1": [
          0.01085,
          0.014299999999999998,
          0.0109,
          0.014650000000000002,
          0.014550000000000002,
          0.015150000000000002,
          0.018,
          0.0245
        ]
      },
      "0.001": {
        "auc": [
          0.540375925,
          0.5312781500000001,
          0.5308828,
          0.54038325,
          0.5796386250000001,
          0.598105625,
          0.629114725,
          0.6580744999999999
        ],
        "tpr@fpr1": [
          0.0176,
          0.018500000000000006,
          0.014800000000000002,
          0.01715,
          0.02395,
          0.0264,
          0.03450000000000001,
          0.051500000000000004
        ]
      },
      "0.002": {
        "auc": [
          0.6140381,
          0.6054421750000001,
          0.5945374,
          0.6332367500000001,
          0.74511015,
          0.7989593,
          0.8691079499999999,
          0.9215862500000002
        ],
        "tpr@fpr1": [
          0.0453,
          0.034600000000000006,
          0.026250000000000002,
          0.040100000000000004,
          0.09675,
          0.13400000000000004,
          0.24205000000000002,
          0.4050000000000001
        ]
      },
      "0.005": {
        "auc": [
          0.7941186499999999,
          0.8503809,
          0.857808025,
          0.9216395500000001,
          0.9951501,
          0.9998609500000001,
          0.9999998,
          1.0
        ],
        "tpr@fpr1": [
          0.3135,
          0.3075,
          0.25544999999999995,
          0.48845,
          0.93065,
          0.9974000000000001,
          1.0,
          1.0
        ]
      },
      "0.01": {
        "auc": [
          0.9426223499999999,
          0.9923551249999999,
          0.996040775,
          0.9997241499999999,
          1.0,
          1.0,
          1.0,
          1.0
        ],
        "tpr@fpr1": [
          0.66415,
          0.9066000000000001,
          0.93915,
          0.9957,
          1.0,
          1.0,
          1.0,
          1.0
        ]
      },
      "0.02": {
        "auc": [
          0.9967955249999999,
          1.0,
          1.0,
          1.0,
          1.0,
          1.0,
          1.0,
          1.0
        ],
        "tpr@fpr1": [
          0.9592500000000002,
          1.0,
          1.0,
          1.0,
          1.0,
          1.0,
          1.0,
          1.0
        ]
      },
      "0.05": {
        "auc": [
          1.0,
          1.0,
          1.0,
          1.0,
          1.0,
          1.0,
          1.0,
          1.0
        ],
        "tpr@fpr1": [
          1.0,
          1.0,
          1.0,
          1.0,
          1.0,
          1.0,
          1.0,
          1.0
        ]
      },
      "0.2": {
        "auc": [
          1.0,
          1.0,
          1.0,
          1.0,
          1.0,
          1.0,
          1.0,
          1.0
        ],