{
  "model": "Qwen/Qwen3-1.7B",
  "seq_len": 128,
  "top_k": 32,
  "trials": 20,
  "warmup": 3,
  "per_batch": [
    {
      "batch": 1,
      "A_forward_ms": 35.07603100000267,
      "B_forward_sae_ms": 42.23211100000057,
      "C_full_commit_ms": 41.55252700000034,
      "C_over_A_ratio": 1.184641643177849,
      "B_over_A_ratio": 1.2040162411761284,
      "payload_bytes_total": 224,
      "payload_bytes_per_req": 224,
      "A_trials_ms": [
        41.957927000002115,
        34.73968399999805,
        35.05046000000078,
        35.217058000000634,
        35.07603100000267,
        36.669378999999225,
        35.258401000000106,
        34.618097999999264,
        34.645959999998865,
        34.90731299999794,
        34.67406200000056,
        34.68998299999981,
        34.7500750000016,
        34.80412799999755,
        35.0201289999994,
        38.613894000000926,
        37.54366100000084,
        35.65193899999741,
        39.02321500000028,
        42.139746000000144
      ],
      "B_trials_ms": [
        40.48399500000244,
        42.23211100000057,
        40.94657799999979,
        41.69821500000026,
        41.4328519999998,
        41.03782299999992,
        41.180068999999264,
        40.87774499999952,
        40.74658800000108,
        40.71857699999981,
        40.89810600000021,
        42.99393799999862,
        43.021270000000555,
        42.64639099999812,
        43.37467599999911,
        42.808029000003245,
        42.72120500000298,
        43.087433000000175,
        42.86442200000096,
        42.483643000000626
      ],
      "C_trials_ms": [
        41.37048900000195,
        41.324116999998495,
        42.074752999997855,
        41.55252700000034,
        41.45704199999756,
        41.766766999998595,
        42.01138000000171,
        41.78113899999758,
        41.490433999999965,
        41.12864700000074,
        41.262472999999744,
        41.41918000000189,
        41.407241000001704,
        41.440351999998626,
        41.343428000001126,
        42.125955000003046,
        41.97385799999864,
        41.8157800000003,
        41.868553000000475,
        41.798168999999774
      ]
    },
    {
      "batch": 4,
      "A_forward_ms": 48.61127200000226,
      "B_forward_sae_ms": 53.03533800000082,
      "C_full_commit_ms": 53.58710400000177,
      "C_over_A_ratio": 1.1023596337902715,
      "B_over_A_ratio": 1.0910090565002775,
      "payload_bytes_total": 896,
      "payload_bytes_per_req": 224,
      "A_trials_ms": [
        48.213392000000965,
        47.874545999999185,
        48.72599800000188,
        47.864606000000975,
        47.78047199999946,
        47.9057179999991,
        47.874975999999236,
        48.61127200000226,
        48.35738000000234,
        49.58248000000154,
        49.44094300000046,
        50.43325100000118,
        50.19397000000225,
        51.56380700000085,
        50.20817999999849,
        50.73613600000115,
        48.58323100000206,
        49.698896000002435,
        48.03277399999928,
        48.31818799999965
      ],
      "B_trials_ms": [
        54.430595999999554,
        52.55597500000064,
        52.420657999999065,
        54.53927199999953,
        52.94241300000024,
        51.97635599999728,
        54.99447300000071,
        53.220177000000035,
        52.85815899999946,
        55.54213099999927,
        54.807094000000944,
        52.406247000000405,
        52.93796299999798,
        54.212355000000656,
        52.34660399999669,
        52.69417199999893,
        53.03533800000082,
        52.066190000001455,
        53.61073499999591,
        53.47396900000234
      ],
      "C_trials_ms": [
        52.33157300000357,
        53.796024000000386,
        53.778474000004906,
        52.49455100000233,
        54.952180999997324,
        54.98172200000084,
        52.23150900000206,
        53.58710400000177,
        55.321939000002374,
        53.01253599999711,
        53.401106000002585,
        54.20839399999977,
        53.06684899999681,
        52.8282080000011,
        54.21934599999645,
        53.85176699999761,
        52.10064100000267,
        53.92205100000069,
        53.337422999995,
        52.20222700000221
      ]
    },
    {
      "batch": 16,
      "A_forward_ms": 170.5172690000012,
      "B_forward_sae_ms": 175.47940099999693,
      "C_full_commit_ms": 176.2356710000006,
      "C_over_A_ratio": 1.033535618025875,
      "B_over_A_ratio": 1.029100466064793,
      "payload_bytes_total": 3584,
      "payload_bytes_per_req": 224,
      "A_trials_ms": [
        169.8852990000006,
        170.12188100000003,
        170.46555800000363,
        171.70789800000108,
        171.2802879999984,
        170.51099000000391,
        170.5172690000012,
        168.52373300000068,
        170.44086599999986,
        171.25306599999846,
        171.18788200000523,
        170.03689599999916,
        169.19762499999536,
        168.5692669999952,
        170.78557500000358,
        171.3203009999944,
        171.5069600000021,
        169.12476400000287,
        170.64478700000052,
        170.86669500000085
      ],
      "B_trials_ms": [
        175.47940099999693,
        174.1899800000013,
        176.05995299999933,
        176.0933639999962,
        175.13603700000147,
        174.31818800000087,
        176.22933100000182,
        175.0365500000015,
        176.55782399999964,
        176.8413080000002,
        175.01061000000107,
        175.08456299999864,
        175.17713599999496,
        175.80787600000036,
        175.5322319999948,
        175.05088899999777,
        174.48291099999835,
        176.39619499999526,
        175.22497899999934,
        175.96206600000386
      ],
      "C_trials_ms": [
        176.77384599999613,
        176.19827900000473,
        175.82538099999567,
        175.98386799999588,
        176.19237899999973,
        176.49141399999735,
        176.2356710000006,
        175.58982700000314,
        176.3637849999995,
        176.98464499999744,
        176.094992000003,
        175.65750099999633,
        176.32330200000013,
        175.89057299999666,
        176.41676800000283,
        176.07887200000505,
        176.77693499999947,
        176.5082130000053,
        176.1374220000036,
        176.5627739999971
      ]
    },
    {
      "batch": 32,
      "A_forward_ms": 369.25449200000315,
      "B_forward_sae_ms": 375.7231219999966,
      "C_full_commit_ms": 377.16755200000307,
      "C_over_A_ratio": 1.0214298273181193,
      "B_over_A_ratio": 1.0175180807278936,
      "payload_bytes_total": 7168,
      "payload_bytes_per_req": 224,
      "A_trials_ms": [
        367.39069800000124,
        371.2180630000006,
        367.8173869999952,
        367.2648009999975,
        368.7358130000007,
        370.9824219999973,
        367.57510500000024,
        369.9582420000027,
        369.3554229999947,
        367.83585899999593,
        371.0395230000003,
        369.4116039999997,
        368.10086999999925,
        370.27451600000205,
        367.8670480000008,
        367.1422600000014,
        370.19701900000257,
        368.65922599999834,
        370.5032829999979,
        369.25449200000315
      ],
      "B_trials_ms": [
        376.025410000004,
        376.2455520000003,
        374.8561929999994,
        375.71118299999995,
        374.39231799999817,
        375.02274799999924,
        376.4705489999969,
        375.7231219999966,
        375.32813900000406,
        375.55959999999544,
        375.448126000002,
        376.0376080000043,
        376.2395569999981,
        375.38811699999997,
        375.3588860000008,
        376.8245769999936,
        377.2231450000021,
        376.8392779999985,
        376.3965350000049,
        375.53441400000054
      ],