{
  "meta": "PAT D: per-class joint-z, 8 (actually 11) classes \u00d7 4 ranks; StageA pure-probe \u03bb_util=0 throughout",
  "ranks": [
    32,
    64,
    128,
    256
  ],
  "classes": [
    "arithmetic",
    "control",
    "coref",
    "entailment",
    "factual",
    "induction",
    "ioi",
    "lang",
    "negation",
    "refusal",
    "syntax"
  ],
  "matrix": {
    "arithmetic": [
      3.642294318665755,
      2.904722861563405,
      7.011803255606577,
      8.988566225576626
    ],
    "control": [
      3.9470219304544356,
      4.445291412067828,
      4.57479197308056,
      4.611633431251982
    ],
    "coref": [
      5.048954914474439,
      3.507861038400282,
      4.682538697653314,
      5.020169490739916
    ],
    "entailment": [
      3.3766115357407944,
      3.714259600027546,
      10.789830331400518,
      8.116430214107519
    ],
    "factual": [
      5.309459880182115,
      6.626110166622276,
      6.4749755250085475,
      3.0539953538248157
    ],
    "induction": [
      2.7154751818659406,
      2.6000220679732413,
      4.654959898767726,
      8.15235074619323
    ],
    "ioi": [
      3.7438098475370887,
      3.921392713952867,
      6.093881583598828,
      6.216812625710618
    ],
    "lang": [
      3.9581463936575028,
      4.1148380133573275,
      6.322659121217936,
      3.2983351059674066
    ],
    "negation": [
      7.462988713340412,
      3.0596754025389536,
      12.553740140892936,
      13.159806539530713
    ],
    "refusal": [
      14.511063062179979,
      4.637659786985217,
      5.285018025920325,
      4.484832151387545
    ],
    "syntax": [
      5.279508763814207,
      7.803203250857881,
      4.466081908357926,
      3.0852554750388794
    ]
  }
}